post_id,username,created_at,cooked,post_num,updated_at,reply_count,reply_to_post_num,reads,topic_id,user_id,topic_slug,forum
400523,joelthesellout,2020-07-14T18:31:42.654Z,hey working building new marketing site company running across really strange issue affecting used closed everything great equal space item see screen shot however open strange extra space open screen shot spacing padding margin anything classes check read link see smoothness transition made thing class used collection take generate statically site strange issue maybe bug hopefully someone check help,,2020-07-14T18:31:42.654Z,0,,9,128964,25539,strange-extra-padding-on-cms-dropdown,webflow
400889,joelthesellout,2020-07-15T22:56:21.996Z,bumping still issue,,2020-07-15T22:56:21.996Z,0,,8,128964,25539,strange-extra-padding-on-cms-dropdown,webflow
401063,vish,2020-07-16T15:24:59.737Z,u share,,2020-07-16T15:24:59.737Z,0,,6,128964,38861,strange-extra-padding-on-cms-dropdown,webflow
401083,vish,2020-07-16T16:06:11.386Z,space comes test add color item see extra space,,2020-07-16T16:06:11.386Z,0,,5,128964,38861,strange-extra-padding-on-cms-dropdown,webflow
401089,joelthesellout,2020-07-16T16:21:05.637Z,link reason grid extra space fix would,,2020-07-16T16:21:05.637Z,1,,5,128964,25539,strange-extra-padding-on-cms-dropdown,webflow
401700,vish,2020-07-19T14:59:10.123Z,want use grid opinion normal,,2020-07-19T14:59:10.123Z,0,,5,128964,38861,strange-extra-padding-on-cms-dropdown,webflow
401704,Sahil.M,2020-07-19T15:31:53.941Z,found set display div block instead block,,2020-07-19T15:34:48.742Z,0,,5,128964,39023,strange-extra-padding-on-cms-dropdown,webflow
404953,joelthesellout,2020-07-30T18:03:20.395Z,thank,,2020-07-30T18:03:20.395Z,0,,2,128964,25539,strange-extra-padding-on-cms-dropdown,webflow
404855,nclement,2020-07-30T11:30:26.005Z,hello quite work links link shifting hover roll top link see thanks help site share site link,,2020-07-30T11:30:26.005Z,0,,5,131165,39525,link-shifting-on-hover,webflow
404872,nclement,2020-07-30T12:45:05.847Z,seem clash somewhere class works mobile menu,,2020-07-30T12:45:05.847Z,0,,5,131165,39525,link-shifting-on-hover,webflow
404956,ChrisT,2020-07-30T18:11:14.266Z,hey nick try try get rid display links reset fine links hover state make links prevent hovering intended link shift mobile view comes mismatch line height tablet mobile view normal state line height hover state line height set jump hover set equal line height fine ×,,2020-07-30T18:11:14.266Z,0,,4,131165,37075,link-shifting-on-hover,webflow
370818,jasondark,2020-04-11T01:58:53.648Z,thought would leave post case anyone future solution obvious anywhere else could find want use form handle follow official video works fine get want allow select opt add form follow exact video user form added present form regardless whether checked box get around limitation follow post carry please watch video linked context need know watch video need get information see embed form field going copy embed code code editor see edit properly like notice name form well form action post need make note record text editor somewhere case know action field name general newsletter field name german newsletter field name newsletter field name need need make form used default form added give form id important make sure giving form element id parent wrapper next need go give form name embed form mine select default field element set name cause within inherit name ultimately want important make sure make field set field match need add custom code make work add code snippet body code head code page form need replace action code snippet script replace action documentgetelementbyidmailchimpformaddeventlistenersubmit function let input type const name type email else type inputchecked name true type post true encodeurisubmissionurl data script goes 548 kb publish site good go added select enter kb,,2020-04-11T01:59:43.104Z,0,,22,115620,16358,how-to-use-a-webflow-form-for-mailchimp-signups-with-groups,webflow
402044,Charles_Dew,2020-07-20T19:45:20.387Z,hi thanks setting helpful tutorial currently trying get added select part right every step correctly believe form filled user regardless checked missing,,2020-07-20T19:45:20.387Z,0,,8,115620,38945,how-to-use-a-webflow-form-for-mailchimp-signups-with-groups,webflow
404957,tpetrich,2020-07-30T18:13:36.924Z,hi tutorial proven helpful getting still selected even thus user profile see issue change need address preview link thanks,,2020-07-30T18:13:36.924Z,0,,4,115620,34633,how-to-use-a-webflow-form-for-mailchimp-signups-with-groups,webflow
404958,MohitV,2020-07-30T18:25:13.197Z,added footer social media links current year copyright text code embed copy showing copyright text social links delete whole footer made new one social media links still work footer show works mobile link link,,2020-07-30T18:25:13.197Z,0,,4,131225,39717,footer-doesnt-show-in-published-on-desktop-or-tablet-works-on-mobile,webflow
404677,vectra,2020-07-29T18:04:47.934Z,need help getting logos lay right horizontally load logos would like closer together sized appropriately thought grid would div seem width loss thanks site share site link,,2020-07-29T18:04:47.934Z,0,,7,131080,38732,multiple-varying-logos-in-a-grid,webflow
404699,ChrisT,2020-07-29T19:31:30.145Z,hi could provide link way could look set logos easier check live site least share project invite university learn share project link find different inviting setting team,,2020-07-29T19:31:30.145Z,1,,6,131080,37075,multiple-varying-logos-in-a-grid,webflow
404703,vectra,2020-07-29T19:34:10.216Z,sorry,,2020-07-29T19:34:10.216Z,0,,6,131080,38732,multiple-varying-logos-in-a-grid,webflow
404961,ChrisT,2020-07-30T18:33:18.917Z,could guide page three setup seem find page like one designer,,2020-07-30T18:33:26.815Z,0,,3,131080,37075,multiple-varying-logos-in-a-grid,webflow
404926,OvertonGraphics,2020-07-30T16:42:44.309Z,hi new spent designing building new beard oil business beard oil oil nature beard oil inspired nature nature proudly made one tree every bottle sold beard oil oil nature would love feedback thanks josh,,2020-07-30T16:42:44.309Z,0,,11,131207,1229,hinterlands-beard-oil-new-website-launched-today,webflow
404934,casen,2020-07-30T17:10:04.379Z,hey josh love photography used throughout site minimal easy read great job good luck business,,2020-07-30T17:10:04.379Z,1,,11,131207,37358,hinterlands-beard-oil-new-website-launched-today,webflow
404935,OvertonGraphics,2020-07-30T17:19:29.515Z,thank much really appreciate,,2020-07-30T17:19:29.515Z,0,,10,131207,1229,hinterlands-beard-oil-new-website-launched-today,webflow
404936,sam-g,2020-07-30T17:20:24.862Z,nice looking site one piece feedback first glance much visual different × love product might visually look quite similar maybe remove product image go different style background two,,2020-07-30T17:20:24.862Z,1,,10,131207,15137,hinterlands-beard-oil-new-website-launched-today,webflow
404938,OvertonGraphics,2020-07-30T17:27:13.851Z,great feedback look making clear bottle belong thanks sam,,2020-07-30T17:27:13.851Z,0,,8,131207,1229,hinterlands-beard-oil-new-website-launched-today,webflow
404940,ChrisT,2020-07-30T17:36:55.332Z,looking beautiful site made beard grow wild little beautiful color palette everything works well brand identity best luck business,,2020-07-30T17:36:55.332Z,1,,7,131207,37075,hinterlands-beard-oil-new-website-launched-today,webflow
404942,OvertonGraphics,2020-07-30T17:38:32.787Z,great response thanks lot,,2020-07-30T17:38:32.787Z,0,,7,131207,1229,hinterlands-beard-oil-new-website-launched-today,webflow
404963,mikeyevin,2020-07-30T18:43:36.952Z,wow great nicely done site easy navigate clear right amount add experience rather distract color palette masculine without half product significant compliment brand without feeling forced well executed someone worked beard niche handful ago tell refreshing see type brand world beard oil mainly sold eventually beard care always felt like turning away business excluding fit mold still one best ever going feedback think would help distinguish two really speak idea sure already getting happy provide used include marketing collateral us along would display site keep great work thanks trip memory lane,,2020-07-30T18:43:36.952Z,0,,4,131207,1338,hinterlands-beard-oil-new-website-launched-today,webflow
404603,luqmann44,2020-07-29T14:02:03.555Z,hello everyone first post forum would knowledge level beginner intermediate designing client figure adjust hover element trigger buttons specifically purchase button buttons way across page currently hover buttons button background turns teal text turns white would like program button background turns red attempt adjust button add element trigger perplexed would adjust setting site read link,,2020-07-29T14:02:03.555Z,0,,6,131044,39653,button-element-trigger,webflow
404962,ChrisT,2020-07-30T18:40:53.989Z,hi welcome forum change colors hover state following start double select button purchase button element button outline select hover state blue arrow selector panel scroll way change desired color change font color regular procedure hope,,2020-07-30T18:42:26.281Z,0,,4,131044,37075,button-element-trigger,webflow
404970,luqmann44,2020-07-30T19:01:18.224Z,thank surprisingly easy,,2020-07-30T19:01:27.743Z,0,,3,131044,39653,button-element-trigger,webflow
404964,chickenlegs0809,2020-07-30T18:44:12.521Z,collection template project template number assets within section problem change style class one section one rest really layout goal section take section longer still want enough clearance margin top bottom still give distinct separation still giving illusion taking want much spacing create classes adjust height another page collection much shorter length sometimes assets solution would really help become efficient build faster giving frustration taking much longer build almost want forego template altogether even thought link site link share site link,,2020-07-30T19:05:16.262Z,0,,4,131227,39417,class-styles-applying-across-all-pages-in-a-cms-collection-template,webflow
404919,Nicolas_Geraud,2020-07-30T16:09:53.648Z,hi understand allow access designer project account starter plan web site use site plan want allow external developer make understand thanks,,2020-07-30T16:09:53.648Z,0,,5,131202,39707,how-to-work-with-a-freelance-with-a-cms-site-plan,webflow
404921,casen,2020-07-30T16:13:46.880Z,hello community building photo portfolio site hit wall want proceed overview multiple throughout site fashion product category category upon show next photo succession navigation way go forward backward throughout site based link block go forward another link block go backward link left right screen want site minimal want engage navigation increasing time spent site later plan add overview grid upon one click want quick glance category problem per page hit static limit quickly like page solution sure go efficient way attached hierarchy per page worth site inspiration thank help screen shot screen shot site site link,,2020-07-30T16:13:46.880Z,0,,3,131204,37358,help-with-organization-of-pages-and-functionality-for-photo-portfolio,webflow
404882,Kill_TV,2020-07-30T14:06:22.643Z,click wedding cake view mobile view pop screen scroll need able see product scroll close pop scroll overflow sizes preview site,,2020-07-30T14:09:05.050Z,0,,4,131181,21581,scroll-pop-up-window-not-working-how,webflow
404886,sam-g,2020-07-30T14:31:12.273Z,actually complicated would think unfortunately particularly problematic see thread solution modal general hey involved custom code thinking went back start structure modal cause interaction visibility goes display hidden hide see everything else modalcon put content personal p,,2020-07-30T14:31:12.273Z,1,,3,131181,15137,scroll-pop-up-window-not-working-how,webflow
404910,Kill_TV,2020-07-30T15:46:35.333Z,thanks sam tried solution nothing see view project like year crossed think find anything else would love try thanks,,2020-07-30T15:46:35.333Z,0,,3,131181,21581,scroll-pop-up-window-not-working-how,webflow
404922,Kill_TV,2020-07-30T16:19:41.665Z,worked modal tutorial,,2020-07-30T16:22:44.319Z,0,,3,131181,21581,scroll-pop-up-window-not-working-how,webflow
404930,rishabhchopra10,2020-07-30T16:44:43.672Z,somewhere assets related ultimate web design course want follow along instructor,,2020-07-30T16:44:43.672Z,0,,6,131211,39709,where-to-download-assets-for-ultimate-web-design-course-https-university-webflow-com-courses-ultimate-web-design-course,webflow
404931,chloe_wb,2020-07-30T16:49:05.580Z,want embed collection collection item display different product embed read topic think missing something working embed code hello building site want add external calendar collection small piece code effectively loading tried enter embed code collection field work idea possible add embed code collection field thank public share link link access public share link anyone help thanks advance public share link,,2020-07-30T16:49:05.580Z,0,,3,131212,36176,embed-amazon-products-into-collections,webflow
403961,tigercub,2020-07-27T20:04:14.137Z,link trying figure way collect analytics data sell store tried several avail looking help us implement tried already already tried pull transaction data stripe comes together difficult way parse make sense also tried analytics via tag manager could figure implement dynamic data layer looking looking someone help us get comprehensive analytics data sales maybe helping us format parse stripe data maybe helping us create dynamic data layer tag manager maybe solution aware yet open please reach,,2020-07-27T20:04:14.137Z,0,,20,130736,36727,e-commerce-analytics,webflow
403964,Maria123,2020-07-27T20:22:28.245Z,hi hope well assist kindly reach discuss stay well maria j,,2020-07-27T20:22:28.245Z,0,,16,130736,33495,e-commerce-analytics,webflow
404932,andy1,2020-07-30T16:56:02.757Z,hi still looking help would happy help well within area reach best,,2020-07-30T16:56:02.757Z,0,,2,130736,13806,e-commerce-analytics,webflow
404941,Lay,2020-07-30T17:37:29.788Z,hi new web design think learning able make portfolio site check check fluid scaling good publish site everything great designed except mobile landscape went wrong like took portrait mode mobile landscape instead designed amount view pointed error stuck know insight would greatly thanks advance site share site link,,2020-07-30T17:37:29.788Z,0,,3,131216,39712,mobile-landscape-breakpoint,webflow
404883,danwentzell,2020-07-30T14:08:11.467Z,side section links take page top section bottom page basically dont see section change top scroll top page work around please site link share site link,,2020-07-30T14:08:11.467Z,0,,6,131182,2647,section-link-with-side-nav,webflow
404947,ChrisT,2020-07-30T17:51:55.324Z,hi could share link look setup share project invite university learn share project link find different inviting setting team,,2020-07-30T17:51:55.324Z,0,,2,131182,37075,section-link-with-side-nav,webflow
404888,Genesis_Agravio2,2020-07-30T14:42:46.801Z,hey ya someone know code counter trying achieve every time click add cart number product increase click minus button decrease already set buttons embed button thank appreciate someone could help group,,2020-07-30T14:42:46.801Z,0,,3,131185,35167,increment-decrement-on-cms,webflow
352032,Duncan_Anderson,2020-01-26T18:35:52.608Z,hi course client adapt tool adapt tool web application compatible would like course available give login awesome currently hosting adapt course moodle cloud wondering possible adapt tool directly since compatible doable thank advance also curious see best,,2020-01-26T18:35:52.608Z,0,,13,107405,29461,integrate-adapt-authoring-tool-with-webflow-e-learning,webflow
352046,webdev,2020-01-26T21:10:58.982Z,tool met would need host somewhere jan image,,2020-01-26T21:10:58.982Z,0,,12,107405,20656,integrate-adapt-authoring-tool-with-webflow-e-learning,webflow
352527,Duncan_Anderson,2020-01-28T17:49:56.488Z,got moodle hosting tool wondering way integrate moodle cloud would need create link moodle course page sign,,2020-01-28T17:49:56.488Z,1,,10,107405,29461,integrate-adapt-authoring-tool-with-webflow-e-learning,webflow
352530,webdev,2020-01-28T17:55:27.392Z,would need create link moodle course page sign would path would choose,,2020-01-28T17:56:17.641Z,0,,9,107405,20656,integrate-adapt-authoring-tool-with-webflow-e-learning,webflow
404889,cedrikd1,2020-07-30T14:43:07.465Z,solution end,,2020-07-30T14:43:07.465Z,0,,3,107405,36271,integrate-adapt-authoring-tool-with-webflow-e-learning,webflow
404864,Hamza_Nasim,2020-07-30T12:00:49.574Z,reverse engineering cool looking unable crack horizontal scroll animation website showcase section already everyone must seen link screen recording animation appreciate help,,2020-07-30T12:00:49.574Z,0,,6,131170,35780,how-to-achieve-this-horizontal-scroll-animation,webflow
404890,shokoaviv,2020-07-30T14:52:33.574Z,hi one could explain better watch explain create horizontal section,,2020-07-30T18:21:32.404Z,0,,5,131170,18172,how-to-achieve-this-horizontal-scroll-animation,webflow
235123,Maydris,2018-07-25T21:59:52.590Z,hey working site moment attached find interaction unlink believe flooding list since cant delete multiple go removing make someone tell wrong avoid currently working menu public share link link,,2018-07-25T21:59:52.590Z,0,,37,63343,14874,interactions-duplicating-when-applied-to-symbols,webflow
235138,WebDev_Brandon,2018-07-25T23:44:38.422Z,duplicate across multiple need unlink unless need change something specific within new page used take one page duplicate another page would use symbol plan making page copy one page another way able make page side help please advise need unlink symbol first place thanks,,2018-07-25T23:44:38.422Z,1,,35,63343,16775,interactions-duplicating-when-applied-to-symbols,webflow
235375,Maydris,2018-07-27T04:12:46.198Z,symbol unlinked allow change page section menu case guessing based recommend copy paste menu opposed making avoid issue correct total certainly inconvenient,,2018-07-27T04:12:46.198Z,1,,34,63343,14874,interactions-duplicating-when-applied-to-symbols,webflow
235439,WebDev_Brandon,2018-07-27T14:20:40.919Z,yes since like however needing change,,2018-07-27T14:20:40.919Z,1,,31,63343,16775,interactions-duplicating-when-applied-to-symbols,webflow
235441,WebDev_Brandon,2018-07-27T14:27:04.001Z,like slide menu would keep instead menu left right opinion site tho however want use side use conditional filtering place collection set without even round way would create true dynamic menu setting,,2018-07-27T14:27:04.001Z,0,,31,63343,16775,interactions-duplicating-when-applied-to-symbols,webflow
235443,dram,2018-07-27T14:31:51.432Z,exactly problem faced days ago way replicate easy create interaction apply element include element symbol unlink symbol bam interaction would even,,2018-07-27T14:31:51.432Z,1,,29,63343,7593,interactions-duplicating-when-applied-to-symbols,webflow
354434,rps,2020-02-05T10:51:58.719Z,still case accidentally unlinked massive grid symbol twice duplicate idea backup go back even strange unlinked symbol original new applied sense whatsoever even worse master symbol duplicate applied would symbol apply new original symbol kind bug please fix,,2020-02-05T10:54:34.067Z,1,,12,63343,9588,interactions-duplicating-when-applied-to-symbols,webflow
404894,keventc,2020-07-30T15:10:05.123Z,issue pretty new one dark background one light background different original symbol times ended ton switch interaction trigger class rather element thought might solve issue help curious reason bug,,2020-07-30T15:10:05.123Z,0,,2,63343,39586,interactions-duplicating-when-applied-to-symbols,webflow
404895,engine7design,2020-07-30T15:10:08.089Z,looking talented pro build search function like site progress contact turnaround site link share site link,,2020-07-30T15:10:08.089Z,0,,11,131189,30372,looking-for-a-webflow-freelancer,webflow
404861,OliverJ,2020-07-30T11:56:30.333Z,topic withdrawn author automatically unless,,2020-07-30T15:40:10.396Z,0,,3,131167,39693,turning-a-static-portfolio-website-into-cms,webflow
257671,milanvuckovic,2018-11-13T22:43:52.245Z,hey seem figure one tried tutorial still luck much understand custom code switching classes anyways set modal need make small set interaction works fine modal also works fine however check modal smaller see big chunk content modal everything else behind modal also help wrong also mind one need clean thank staging,,2018-11-13T22:43:52.245Z,0,,137,72013,21713,scrollable-modal,webflow
257757,pi_ron,2018-11-14T10:33:47.270Z,hi firstly epic design header photo amazing known issue based support ticket somewhere solution use basically need watch modal open set overflow body element whenever modal open pretty late morrow happy work solution used like,,2018-11-14T10:33:47.270Z,1,,126,72013,9679,scrollable-modal,webflow
257759,milanvuckovic,2018-11-14T10:40:21.842Z,hey amazing tried id wrote script pointer hidden csscursor pointer auto script fix help thank,,2018-11-14T10:42:06.779Z,1,,119,72013,21713,scrollable-modal,webflow
257763,Siton_Systems,2018-11-14T11:04:07.566Z,time give modal height overflow issue 210px auto scroll page modal longer screen scroll may use custom code kb last declare content position fixed scroll text sticky mobile get scroll without case open new page create modal zero,,2018-11-14T11:19:28.112Z,0,,109,72013,11286,scrollable-modal,webflow
257861,milanvuckovic,2018-11-14T16:47:30.258Z,still bit unclear exactly sorry somewhere wrote,,2018-11-14T16:47:30.258Z,1,,94,72013,21713,scrollable-modal,webflow
257866,WebDev_Brandon,2018-11-14T16:56:51.788Z,check site check page highlight member face,,2018-11-14T16:59:24.625Z,1,,87,72013,16775,scrollable-modal,webflow
257870,milanvuckovic,2018-11-14T17:04:06.624Z,unfortunately really thanks,,2018-11-14T17:04:06.624Z,1,,84,72013,21713,scrollable-modal,webflow
257871,WebDev_Brandon,2018-11-14T17:05:59.311Z,trying modal,,2018-11-14T17:05:59.311Z,2,,81,72013,16775,scrollable-modal,webflow
257876,milanvuckovic,2018-11-14T17:17:08.352Z,happening mobile scroll stuff outside modal top content cut reason make prevent stuff outside behind scroll content inside modal visible one,,2018-11-14T17:17:08.352Z,0,,79,72013,21713,scrollable-modal,webflow
257877,WebDev_Brandon,2018-11-14T17:18:25.857Z,see issue trying scroll whole modal instead content set content block class name auto scroll hopefully fix issue try setting flex vertical height,,2018-11-14T17:18:25.857Z,1,,76,72013,16775,scrollable-modal,webflow
257885,milanvuckovic,2018-11-14T17:41:08.782Z,nope either mind jump take closer look trying achieve took could showcase exactly trying x icon,,2018-11-14T17:41:08.782Z,1,,73,72013,21713,scrollable-modal,webflow
257958,DFink,2018-11-14T20:45:01.109Z,make auto content container missing something also need use custom code done,,2018-11-14T20:45:01.109Z,1,,69,72013,277,scrollable-modal,webflow
257962,WebDev_Brandon,2018-11-14T20:50:34.681Z,brought stated thats havent found solution yet,,2018-11-14T20:50:34.681Z,1,,66,72013,16775,scrollable-modal,webflow
257969,DFink,2018-11-14T21:00:48.918Z,let handle thank,,2018-11-14T21:00:48.918Z,0,,67,72013,277,scrollable-modal,webflow
258002,pi_ron,2018-11-14T22:10:13.138Z,hi think issue even modal overflow correctly background body behind modal usually scroll modal reach end content background unfortunately fixed without custom code check forum post prevent body modal window open,,2018-11-14T22:10:13.138Z,0,,64,72013,9679,scrollable-modal,webflow
258089,milanvuckovic,2018-11-15T08:56:52.396Z,hey involved custom code thinking went back start structure modal cause interaction visibility goes display hidden hide see everything else 863 093812png237 put content personal preference 094024png239 also put modal modal custom code used bit script pointer closemodal pointer script style overflow hidden none overflow hidden modal webkitoverflowscrolling touch style guess close thread thank help amazing,,2018-11-15T18:27:55.348Z,2,,63,72013,21713,scrollable-modal,webflow
258156,WebDev_Brandon,2018-11-15T15:09:09.658Z,good remember hit solution finalize thread good job tho,,2018-11-15T15:09:09.658Z,0,,53,72013,16775,scrollable-modal,webflow
258356,pi_ron,2018-11-16T00:34:27.353Z,nice work,,2018-11-16T00:34:27.353Z,0,,50,72013,9679,scrollable-modal,webflow
404906,Kill_TV,2020-07-30T15:42:51.744Z,seeing could help us match naming convention pasted code page head think missing something work thread link scroll pop window working,,2020-07-30T15:42:51.744Z,0,,1,72013,21581,scrollable-modal,webflow
404908,wonder3,2020-07-30T15:43:37.530Z,hi looking solution tricky problem found design find exciting implement however moment idea could implement maybe one idea section two cell phone dark version light one like mask course absolute exchange best still mystery moment somebody idea thanks advance,,2020-07-30T15:43:37.530Z,0,,7,131194,23114,solution-wanted,webflow
403718,Hannah_Lim,2020-07-27T02:44:33.381Z,set long description field link page show anybody page long description screen shot cms showing long description screen shot public share link link access public share link,,2020-07-27T02:45:11.023Z,0,,4,130619,39475,cannot-see-long-description-field-in-cms,webflow
403719,jmkriz,2020-07-27T02:47:25.958Z,need use rich text block regular text block,,2020-07-30T15:47:05.409Z,0,,4,130619,20791,cannot-see-long-description-field-in-cms,webflow
404911,Hannah_Lim,2020-07-30T15:46:45.487Z,worked thank,,2020-07-30T15:46:45.487Z,0,,3,130619,39475,cannot-see-long-description-field-in-cms,webflow
404891,nclement,2020-07-30T14:54:22.974Z,hi trying work bug panel somehow buttons something change size hover,,2020-07-30T14:54:22.974Z,0,,4,131186,39525,checkout-buttons-resizing-on-hover,webflow
404896,sam-g,2020-07-30T15:19:54.607Z,global anchor element goes display hover,,2020-07-30T15:19:54.607Z,1,,3,131186,15137,checkout-buttons-resizing-on-hover,webflow
404898,nclement,2020-07-30T15:25:02.469Z,thanks find remove,,2020-07-30T15:25:02.469Z,1,,3,131186,39525,checkout-buttons-resizing-on-hover,webflow
404899,nclement,2020-07-30T15:33:14.016Z,,,2020-07-30T15:33:14.016Z,1,,3,131186,39525,checkout-buttons-resizing-on-hover,webflow
404900,nclement,2020-07-30T15:33:38.478Z,see anywhere,,2020-07-30T15:33:38.478Z,0,,3,131186,39525,checkout-buttons-resizing-on-hover,webflow
404902,sam-g,2020-07-30T15:37:37.551Z,would add display block button case add class button global one buttons like select hover state selector set display block,,2020-07-30T15:37:37.551Z,1,,3,131186,15137,checkout-buttons-resizing-on-hover,webflow
404905,nclement,2020-07-30T15:40:06.590Z,thanks give go,,2020-07-30T15:40:06.590Z,0,,3,131186,39525,checkout-buttons-resizing-on-hover,webflow
404907,nclement,2020-07-30T15:42:55.953Z,tried going even crazy,,2020-07-30T15:42:55.953Z,1,,3,131186,39525,checkout-buttons-resizing-on-hover,webflow
404915,sam-g,2020-07-30T16:03:28.772Z,put class div wrapping entire order summary needs button,,2020-07-30T16:03:28.772Z,0,,2,131186,15137,checkout-buttons-resizing-on-hover,webflow
404916,erickmuller,2020-07-30T16:03:50.652Z,want recreate animation problem much create layer make stay supposed without getting messy understand z part know go making overlap assuming negative perhaps video tutorial someone animation similar one many learn best,,2020-07-30T16:03:50.652Z,0,,3,131199,39597,best-practices-for-layering-multiple-images,webflow
371858,Fonsume,2020-04-14T15:52:50.761Z,publish item example post publish time set great publish time preferred option however make change example fixing typo publish change old publish time reset put post top site surely intended fix old post want get top spot home page optimal could several draft mode intended later perhaps later meaning posts home page bottom,,2020-04-14T15:52:50.761Z,0,,19,116091,29761,publishing-changes-to-already-published-cms-item-sets-new-publish-time,webflow
372592,RileyJones,2020-04-16T14:13:01.181Z,hello riley support team thank much reaching prevent happening could new date field added collection original publish date could sort date affected date hopefully bit please let know additional riley,,2020-04-16T14:13:01.181Z,1,,18,116091,28312,publishing-changes-to-already-published-cms-item-sets-new-publish-time,webflow
372618,Fonsume,2020-04-16T15:15:11.373Z,hey riley thanks sure manually update field every post great solution pretty much every field like standard point last field likely always last especially add originally field us pretty much critical doubly set publish time feature soon please send,,2020-04-16T15:15:11.373Z,1,,16,116091,29761,publishing-changes-to-already-published-cms-item-sets-new-publish-time,webflow
374172,Fonsume,2020-04-21T10:52:40.461Z,nothing custom already extremely slow use editor get around bug good fix know fixed along set publish time feature,,2020-04-21T10:52:40.461Z,1,,15,116091,29761,publishing-changes-to-already-published-cms-item-sets-new-publish-time,webflow
374240,RileyJones,2020-04-21T14:20:43.346Z,hi completely understand frustration add every post order want place working towards improving kind experience specific often needing update old,,2020-04-21T14:20:43.346Z,1,,15,116091,28312,publishing-changes-to-already-published-cms-item-sets-new-publish-time,webflow
374282,Fonsume,2020-04-21T15:17:05.422Z,great hear working hear really often need update old could potentially every day multiple times per day publish anything every day,,2020-04-21T15:17:05.422Z,0,,16,116091,29761,publishing-changes-to-already-published-cms-item-sets-new-publish-time,webflow
374644,WebDev_Brandon,2020-04-22T13:59:49.289Z,hi stepping riley help issue like work high priority team make sure solve quickly possible old create new reflect reasoning behind many older knew choice help bit great day happy designing,,2020-04-22T13:59:49.289Z,1,,15,116091,16775,publishing-changes-to-already-published-cms-item-sets-new-publish-time,webflow
374656,Fonsume,2020-04-22T14:38:53.333Z,hey sure thing old sometimes want add image get new something need move something around text field wrong image forgot optimize image relative work want add reference another post maybe embed work see need update item create new reflect never anyone new post typo fixed reasoning behind many older older post mean post latest post talking though sometimes strange built way sort anything originally yet two similar something,,2020-04-22T14:38:53.333Z,1,,15,116091,29761,publishing-changes-to-already-published-cms-item-sets-new-publish-time,webflow
374745,WebDev_Brandon,2020-04-22T17:46:28.450Z,thank providing clarity really appreciate discussion team look matter however great day happy designing,,2020-04-22T17:46:28.450Z,2,,13,116091,16775,publishing-changes-to-already-published-cms-item-sets-new-publish-time,webflow
375034,Fonsume,2020-04-23T10:58:47.150Z,wonderful stuff thank much option actually set publish time also past would great bet lot people looking import old would happy,,2020-04-23T10:58:47.150Z,0,,11,116091,29761,publishing-changes-to-already-published-cms-item-sets-new-publish-time,webflow
393340,Fonsume,2020-06-19T09:40:20.930Z,hey pain manually add legacy publish date older,,2020-06-19T09:40:20.930Z,1,,8,116091,29761,publishing-changes-to-already-published-cms-item-sets-new-publish-time,webflow
394486,WebDev_Brandon,2020-06-23T12:53:58.368Z,hi nothing share yet great day happy designing,,2020-06-23T12:53:58.368Z,0,,7,116091,16775,publishing-changes-to-already-published-cms-item-sets-new-publish-time,webflow
404950,dmtintner,2020-07-30T17:59:16.556Z,extremely basic functionality every world works like extremely common someone need edit post realistic use case someone post also want immediately overwrite original publish date use people edit already optimize post update broken links post external change time update post new information new data use well make people better help generate traffic another date field post realistic user update field exact time publish post date accurate entire purpose,,2020-07-30T17:59:16.556Z,0,,2,116091,39715,publishing-changes-to-already-published-cms-item-sets-new-publish-time,webflow
404951,casen,2020-07-30T17:59:26.647Z,hi would best way go appear upon click site like image page would done page different display size important thanks,,2020-07-30T17:59:26.647Z,0,,5,131222,37358,looking-to-recreate-the-functionality-of-this-portfolio-site,webflow
403917,dannytaro,2020-07-27T16:40:05.020Z,landed gig new student newspaper built new love interested done via file also trying decide way complete project learning new rather tedious would much anyone could shed light following featured obviously nightmare doable official tutorial link embed old project quick way resolve may real killer sure easy way manage tags let alone migrate tags keep linked respective goes author text collection item ton thorough information could design manage content happy designing sure could get aesthetic result however losing key functionality tedious work probably worth,,2020-07-27T16:46:54.851Z,0,,10,130709,33975,wordpress-to-webflow-migration,webflow
404952,JudoHacker,2020-07-30T17:59:38.554Z,currently building solution exact problem reference authors interested would love help migration give chance put sign free private beta get touch,,2020-07-30T17:59:38.554Z,0,,4,130709,39714,wordpress-to-webflow-migration,webflow
